Factor,Threshold,P (all),R (all),F1 (all),P (no SJ),R (no SJ),F1 (no SJ),Detected,FP
0.7,13.0267,1.0,0.3333333333333333,0.5,1.0,0.35833333333333334,0.5276073619631901,50,0
0.8,14.8876,1.0,0.30666666666666664,0.4693877551020408,1.0,0.325,0.4905660377358491,46,0
0.9,16.7486,1.0,0.26666666666666666,0.4210526315789474,1.0,0.2916666666666667,0.45161290322580644,40,0
1.0,18.6095,1.0,0.22,0.36065573770491804,1.0,0.25833333333333336,0.41059602649006627,33,0
1.1,20.4705,1.0,0.20666666666666667,0.3425414364640884,1.0,0.25,0.4,31,0
1.2,22.3314,1.0,0.18666666666666668,0.3146067415730337,1.0,0.23333333333333334,0.37837837837837834,28,0
1.5,27.9143,1.0,0.16666666666666666,0.2857142857142857,1.0,0.20833333333333334,0.3448275862068966,25,0
2.0,37.2191,1.0,0.12666666666666668,0.22485207100591717,1.0,0.15833333333333333,0.2733812949640288,19,0
