alpha,P (all),R (all),F1 (all),P (no SJ),R (no SJ),F1 (no SJ),Detected,FP,Time(s)
0.01,1.0,0.5866666666666667,0.7394957983193278,1.0,0.7333333333333333,0.846153846153846,88,0,4.75
0.05,1.0,0.6266666666666667,0.7704918032786886,1.0,0.7833333333333333,0.8785046728971964,94,0,3.48
0.1,1.0,0.6666666666666666,0.8,1.0,0.8333333333333334,0.9090909090909091,100,0,3.51
0.15,1.0,0.6866666666666666,0.8142292490118578,1.0,0.8583333333333333,0.9237668161434976,103,0,3.54
0.2,0.9905660377358491,0.7,0.8203125,0.9905660377358491,0.875,0.9292035398230089,106,1,3.48
0.3,0.9818181818181818,0.72,0.8307692307692308,0.9818181818181818,0.9,0.9391304347826087,110,2,3.6
