Strategy,P (all),R (all),F1 (all),P (no SJ),R (no SJ),F1 (no SJ),Detected,FP
T-test OR AE-DP,0.8874172185430463,0.8933333333333333,0.8903654485049834,0.8759124087591241,1.0,0.933852140077821,151,17
T-test + AE(highConf),0.8874172185430463,0.8933333333333333,0.8903654485049834,0.8759124087591241,1.0,0.933852140077821,151,17
2+ StatTests agree,0.9448818897637795,0.8,0.8664259927797834,0.944,0.9833333333333333,0.9632653061224489,127,7
2+ StatTests OR AE-DP,0.9448818897637795,0.8,0.8664259927797834,0.944,0.9833333333333333,0.9632653061224489,127,7
All 3 StatTests agree,0.990990990990991,0.7333333333333333,0.842911877394636,0.990990990990991,0.9166666666666666,0.9523809523809523,111,1
T-test only (baseline),0.8874172185430463,0.8933333333333333,0.8903654485049834,0.8759124087591241,1.0,0.933852140077821,151,17
AE-DP only (baseline),1.0,0.6666666666666666,0.8,1.0,0.8333333333333334,0.9090909090909091,100,0
