Method,Precision,Recall,F1,AUC,TP,FP,FN,Time(s),Recall_easy,Recall_medium,Recall_hard
T-test,0.8874172185430463,0.8933333333333333,0.8903654485049834,0.9692,134,17,16,0.285,0.94,0.88,0.86
KS Test,0.9741379310344828,0.7533333333333333,0.849624060150376,0.9031714285714286,113,3,37,0.196,0.8,0.78,0.68
Mann-Whitney U,0.9147286821705426,0.7866666666666666,0.8458781362007168,0.890047619047619,118,11,32,0.251,0.8,0.78,0.78
Welch's t-test,0.8231292517006803,0.8066666666666666,0.8148148148148149,0.9291238095238096,121,26,29,0.251,0.8,0.8,0.82
AE Dual-Path,1.0,0.6266666666666667,0.7704918032786886,0.8978190476190476,94,0,56,4.26,0.74,0.66,0.48
Autoencoder,0.971830985915493,0.46,0.6244343891402716,0.9287809523809525,69,2,81,5.054,0.86,0.46,0.06
