Method,sudden_jump,sporadic_spikes,level_shift,complex_trend,gradual_trend
Mann-Whitney U,0.06666666666666667,0.8666666666666667,1.0,1.0,1.0
KS Test,0.03333333333333333,0.7333333333333333,1.0,1.0,1.0
T-test,0.4666666666666667,1.0,1.0,1.0,1.0
Welch's t-test,0.06666666666666667,0.9666666666666667,1.0,1.0,1.0
Autoencoder,0.36666666666666664,0.6666666666666666,0.7666666666666667,0.3,0.2
AE Dual-Path,0.0,0.3333333333333333,1.0,0.9333333333333333,0.8666666666666667
